{
  "Checking200StatusPurchase" : {
    "transaction" : "Checking200StatusPurchase",
    "sampleCount" : 5,
    "errorCount" : 0,
    "errorPct" : 0.0,
    "meanResTime" : 483.4,
    "medianResTime" : 470.0,
    "minResTime" : 415.0,
    "maxResTime" : 580.0,
    "pct1ResTime" : 580.0,
    "pct2ResTime" : 580.0,
    "pct3ResTime" : 580.0,
    "throughput" : 0.07728691996166569,
    "receivedKBytesPerSec" : 0.5068180347095558,
    "sentKBytesPerSec" : 0.021887897254768602
  },
  "Checking200StatusReserve" : {
    "transaction" : "Checking200StatusReserve",
    "sampleCount" : 5,
    "errorCount" : 0,
    "errorPct" : 0.0,
    "meanResTime" : 644.0,
    "medianResTime" : 626.0,
    "minResTime" : 458.0,
    "maxResTime" : 929.0,
    "pct1ResTime" : 929.0,
    "pct2ResTime" : 929.0,
    "pct3ResTime" : 929.0,
    "throughput" : 0.0770891150169596,
    "receivedKBytesPerSec" : 0.5556589433009559,
    "sentKBytesPerSec" : 0.018444173026518657
  },
  "Checking200StatusComfirmation" : {
    "transaction" : "Checking200StatusComfirmation",
    "sampleCount" : 5,
    "errorCount" : 0,
    "errorPct" : 0.0,
    "meanResTime" : 499.0,
    "medianResTime" : 433.0,
    "minResTime" : 428.0,
    "maxResTime" : 716.0,
    "pct1ResTime" : 716.0,
    "pct2ResTime" : 716.0,
    "pct3ResTime" : 716.0,
    "throughput" : 0.07746893495708221,
    "receivedKBytesPerSec" : 0.4372758242694679,
    "sentKBytesPerSec" : 0.038053588167394875
  },
  "Total" : {
    "transaction" : "Total",
    "sampleCount" : 20,
    "errorCount" : 0,
    "errorPct" : 0.0,
    "meanResTime" : 9083.300000000001,
    "medianResTime" : 536.0,
    "minResTime" : 415.0,
    "maxResTime" : 63874.0,
    "pct1ResTime" : 42946.8,
    "pct2ResTime" : 62827.79999999999,
    "pct3ResTime" : 63874.0,
    "throughput" : 0.2942344754534889,
    "receivedKBytesPerSec" : 1.7695014242787577,
    "sentKBytesPerSec" : 0.08282528081002752
  },
  "Checking200StatusHomeLoad" : {
    "transaction" : "Checking200StatusHomeLoad",
    "sampleCount" : 5,
    "errorCount" : 0,
    "errorPct" : 0.0,
    "meanResTime" : 34706.8,
    "medianResTime" : 42918.0,
    "minResTime" : 1535.0,
    "maxResTime" : 63874.0,
    "pct1ResTime" : 63874.0,
    "pct2ResTime" : 63874.0,
    "pct3ResTime" : 63874.0,
    "throughput" : 0.07558578987150416,
    "receivedKBytesPerSec" : 0.3511343773620559,
    "sentKBytesPerSec" : 0.008488638510959939
  }
}